date,equity
2015-01-02,10000.0
2015-01-05,10000.0
2015-01-06,10000.0
2015-01-07,10000.0
2015-01-08,10000.0
2015-01-09,10000.0
2015-01-12,10000.0
2015-01-13,10000.0
2015-01-14,10000.0
2015-01-15,10000.0
2015-01-16,10000.0
2015-01-20,10000.0
2015-01-21,10000.0
2015-01-22,10000.0
2015-01-23,10000.0
2015-01-26,10000.0
2015-01-27,10000.0
2015-01-28,10000.0
2015-01-29,10000.0
2015-01-30,10000.0
2015-02-02,10000.0
2015-02-03,10000.0
2015-02-04,10000.0
2015-02-05,10000.0
2015-02-06,10000.0
2015-02-09,10000.0
2015-02-10,10000.0
2015-02-11,10000.0
2015-02-12,10000.0
2015-02-13,10000.0
2015-02-17,10000.0
2015-02-18,10000.0
2015-02-19,10000.0
2015-02-20,10000.0
2015-02-23,10000.0
2015-02-24,10000.0
2015-02-25,10000.0
2015-02-26,10000.0
2015-02-27,10000.0
2015-03-02,10000.0
2015-03-03,10000.0
2015-03-04,10000.0
2015-03-05,10000.0
2015-03-06,10000.0
2015-03-09,10000.0
2015-03-10,10000.0
2015-03-11,10000.0
2015-03-12,10000.0
2015-03-13,10000.0
2015-03-16,10000.0
2015-03-17,10000.0
2015-03-18,10000.0
2015-03-19,10000.0
2015-03-20,10000.0
2015-03-23,10000.0
2015-03-24,10000.0
2015-03-25,10000.0
2015-03-26,10000.0
2015-03-27,10000.0
2015-03-30,10000.0
2015-03-31,10000.0
2015-04-01,10000.0
2015-04-02,10000.0
2015-04-06,10000.0
2015-04-07,10000.0
2015-04-08,10000.0
2015-04-09,10000.0
2015-04-10,10000.0
2015-04-13,10000.0
2015-04-14,10000.0
2015-04-15,10000.0
2015-04-16,10000.0
2015-04-17,10000.0
2015-04-20,9990.140000000001
2015-04-21,9980.62
2015-04-22,9992.060000000001
2015-04-23,10016.260000000002
2015-04-24,10177.18
2015-04-27,10209.760000000002
2015-04-28,10224.260000000002
2015-04-29,10198.78
2015-04-30,10144.480000000001
2015-05-01,10111.490000000002
2015-05-04,10094.45
2015-05-05,9987.530000000002
2015-05-06,9925.630000000001
2015-05-07,9965.700000000003
2015-05-08,9846.660000000002
2015-05-11,9833.740000000002
2015-05-12,9833.060000000001
2015-05-13,9842.580000000002
2015-05-14,9879.640000000001
2015-05-15,9865.36
2015-05-18,9855.500000000002
2015-05-19,9840.880000000001
2015-05-20,9840.880000000001
2015-05-21,9835.440000000002
2015-05-22,9817.760000000002
2015-05-26,9807.220000000001
2015-05-27,9841.900000000001
2015-05-28,9836.460000000003
2015-05-29,9816.400000000001
2015-06-01,9729.180000000002
2015-06-02,9693.690000000002
2015-06-03,9666.360000000002
2015-06-04,9674.650000000001
2015-06-05,9691.780000000002
2015-06-08,9641.880000000001
2015-06-09,9666.830000000002
2015-06-10,9641.880000000001
2015-06-11,9641.880000000001
2015-06-12,9616.930000000002
2015-06-15,9616.930000000002
2015-06-16,9616.930000000002
2015-06-17,9641.880000000001
2015-06-18,9666.830000000002
2015-06-19,9666.830000000002
2015-06-22,9641.880000000001
2015-06-23,9616.930000000002
2015-06-24,9517.130000000001
2015-06-25,9517.130000000001
2015-06-26,9517.130000000001
2015-06-29,9517.130000000001
2015-06-30,9517.130000000001
2015-07-01,9517.130000000001
2015-07-02,9517.130000000001
2015-07-06,9517.130000000001
2015-07-07,9517.130000000001
2015-07-08,9517.130000000001
2015-07-09,9517.130000000001
2015-07-10,9517.130000000001
2015-07-13,9517.130000000001
2015-07-14,9517.130000000001
2015-07-15,9517.130000000001
2015-07-16,9517.130000000001
2015-07-17,9517.130000000001
2015-07-20,9518.93
2015-07-21,9529.730000000001
2015-07-22,9477.53
2015-07-23,9494.630000000001
2015-07-24,9489.53
2015-07-27,9471.830000000002
2015-07-28,9471.53
2015-07-29,9500.03
2015-07-30,9517.730000000001
2015-07-31,9512.330000000002
2015-08-03,9515.630000000001
2015-08-04,9537.53
2015-08-05,9538.730000000001
2015-08-06,9509.93
2015-08-07,9513.53
2015-08-10,9531.230000000001
2015-08-11,9503.630000000001
2015-08-12,9513.53
2015-08-13,9513.230000000001
2015-08-14,9521.330000000002
2015-08-17,9530.93
2015-08-18,9529.43
2015-08-19,9509.630000000001
2015-08-20,9481.130000000001
2015-08-21,9454.130000000001
2015-08-24,9454.130000000001
2015-08-25,9454.130000000001
2015-08-26,9454.130000000001
2015-08-27,9454.130000000001
2015-08-28,9454.130000000001
2015-08-31,9454.130000000001
2015-09-01,9454.130000000001
2015-09-02,9454.130000000001
2015-09-03,9454.130000000001
2015-09-04,9454.130000000001
2015-09-08,9454.130000000001
2015-09-09,9454.130000000001
2015-09-10,9454.130000000001
2015-09-11,9454.130000000001
2015-09-14,9454.130000000001
2015-09-15,9454.130000000001
2015-09-16,9383.240000000002
2015-09-17,9383.240000000002
2015-09-18,9383.240000000002
2015-09-21,9406.87
2015-09-22,9359.61
2015-09-23,9383.240000000002
2015-09-24,9406.87
2015-09-25,9406.87
2015-09-28,9383.240000000002
2015-09-29,9406.87
2015-09-30,9477.76
2015-10-01,9430.5
2015-10-02,9494.5
2015-10-05,9574.62
2015-10-06,9578.34
2015-10-07,9603.52
2015-10-08,9623.67
2015-10-09,9613.130000000001
2015-10-12,9633.35
2015-10-13,9629.94
2015-10-14,9670.69
2015-10-15,9704.55
2015-10-16,9743.68
2015-10-19,9747.09
2015-10-20,9728.11
2015-10-21,9710.44
2015-10-22,9783.43
2015-10-23,9933.470000000001
2015-10-26,9976.25
2015-10-27,9958.89
2015-10-28,9991.51
2015-10-29,9901.400000000001
2015-10-30,9926.34
2015-11-02,9968.57
2015-11-03,9973.150000000001
2015-11-04,9957.27
2015-11-05,9933.02
2015-11-06,10186.060000000001
2015-11-09,10162.5
2015-11-10,10095.09
2015-11-11,10075.8
2015-11-12,10065.57
2015-11-13,10027.060000000001
2015-11-16,10079.52
2015-11-17,10054.720000000001
2015-11-18,10129.26
2015-11-19,10132.05
2015-11-20,10139.8
2015-11-23,10116.17
2015-11-24,10141.66
2015-11-25,10124.3
2015-11-27,10131.740000000002
2015-11-30,10168.39
2015-12-01,10266.25
2015-12-02,10242.310000000001
2015-12-03,10211.0
2015-12-04,10334.9
2015-12-07,10308.17
2015-12-08,10331.18
2015-12-09,10258.810000000001
2015-12-10,10267.8
2015-12-11,10206.66
2015-12-14,10240.14
2015-12-15,10265.630000000001
2015-12-16,10318.09
2015-12-17,10281.130000000001
2015-12-18,10185.2
2015-12-21,10254.16
2015-12-22,10270.28
2015-12-23,10308.48
2015-12-24,10303.83
2015-12-28,10312.51
2015-12-29,10354.74
2015-12-30,10323.67
2015-12-31,10274.310000000001
2016-01-04,10099.43
2016-01-05,10099.43
2016-01-06,10099.43
2016-01-07,10099.43
2016-01-08,10099.43
2016-01-11,10099.43
2016-01-12,10099.43
2016-01-13,10099.43
2016-01-14,10099.43
2016-01-15,10099.43
2016-01-19,10099.43
2016-01-20,10099.43
2016-01-21,10099.43
2016-01-22,10099.43
2016-01-25,10099.43
2016-01-26,10099.43
2016-01-27,10099.43
2016-01-28,10099.43
2016-01-29,10099.43
2016-02-01,10099.43
2016-02-02,10099.43
2016-02-03,10099.43
2016-02-04,10099.43
2016-02-05,10099.43
2016-02-08,10099.43
2016-02-09,10099.43
2016-02-10,10099.43
2016-02-11,10099.43
2016-02-12,10099.43
2016-02-16,10099.43
2016-02-17,10099.43
2016-02-18,10099.43
2016-02-19,10099.43
2016-02-22,10099.43
2016-02-23,10099.43
2016-02-24,10099.43
2016-02-25,10099.43
2016-02-26,10099.43
2016-02-29,10099.43
2016-03-01,10099.43
2016-03-02,10099.43
2016-03-03,10099.43
2016-03-04,10099.43
2016-03-07,10099.43
2016-03-08,10099.43
2016-03-09,10099.43
2016-03-10,10099.43
2016-03-11,10100.55
2016-03-14,10103.35
2016-03-15,10115.11
2016-03-16,10082.84
2016-03-17,10073.67
2016-03-18,10094.46
2016-03-21,10104.82
2016-03-22,10110.7
2016-03-23,10125.75
2016-03-24,10132.47
2016-03-28,10131.56
2016-03-29,10182.17
2016-03-30,10209.54
2016-03-31,10214.58
2016-04-01,10241.95
2016-04-04,10220.18
2016-04-05,10195.82
2016-04-06,10211.5
2016-04-07,10193.02
2016-04-08,10191.9
2016-04-11,10206.67
2016-04-12,10216.189999999999
2016-04-13,10271.49
2016-04-14,10271.77
2016-04-15,10297.74
2016-04-18,10302.57
2016-04-19,10282.76
2016-04-20,10260.36
2016-04-21,10265.68
2016-04-22,10157.88
2016-04-25,10157.88
2016-04-26,10157.88
2016-04-27,10193.579999999998
2016-04-28,10157.88
2016-04-29,10122.179999999998
2016-05-02,10140.029999999999
2016-05-03,10122.179999999998
2016-05-04,10032.929999999998
2016-05-05,10032.929999999998
2016-05-06,10032.929999999998
2016-05-09,10032.929999999998
2016-05-10,10032.929999999998
2016-05-11,10032.929999999998
2016-05-12,10032.929999999998
2016-05-13,10047.97
2016-05-16,10093.09
2016-05-17,10108.13
2016-05-18,10138.21
2016-05-19,10153.25
2016-05-20,10183.33
2016-05-23,10183.33
2016-05-24,10213.41
2016-05-25,10213.41
2016-05-26,10228.449999999999
2016-05-27,10243.49
2016-05-31,10287.49
2016-06-01,10283.14
2016-06-02,10287.449999999999
2016-06-03,10237.36
2016-06-06,10247.22
2016-06-07,10246.349999999999
2016-06-08,10229.57
2016-06-09,10262.509999999998
2016-06-10,10228.369999999999
2016-06-13,10187.15
2016-06-14,10187.15
2016-06-15,10202.189999999999
2016-06-16,10217.23
2016-06-17,10187.15
2016-06-20,10217.23
2016-06-21,10202.189999999999
2016-06-22,10202.189999999999
2016-06-23,10247.31
2016-06-24,10081.869999999999
2016-06-27,10081.869999999999
2016-06-28,10081.869999999999
2016-06-29,10081.869999999999
2016-06-30,10081.869999999999
2016-07-01,10081.869999999999
2016-07-05,10081.869999999999
2016-07-06,10081.869999999999
2016-07-07,10081.869999999999
2016-07-08,10087.96
2016-07-11,10096.369999999999
2016-07-12,10114.349999999999
2016-07-13,10123.05
2016-07-14,10133.989999999998
2016-07-15,10132.829999999998
2016-07-18,10156.229999999998
2016-07-19,10131.609999999997
2016-07-20,10214.609999999997
2016-07-21,10203.489999999998
2016-07-22,10214.229999999998
2016-07-25,10198.739999999998
2016-07-26,10189.239999999998
2016-07-27,10268.479999999998
2016-07-28,10290.409999999998
2016-07-29,10301.599999999999
2016-08-01,10326.759999999998
2016-08-02,10302.969999999998
2016-08-03,10334.409999999998
2016-08-04,10347.809999999998
2016-08-05,10388.739999999998
2016-08-08,10405.059999999998
2016-08-09,10415.829999999998
2016-08-10,10398.409999999998
2016-08-11,10405.309999999998
2016-08-12,10399.139999999998
2016-08-15,10423.879999999997
2016-08-16,10402.939999999999
2016-08-17,10403.979999999998
2016-08-18,10402.699999999997
2016-08-19,10407.55
2016-08-22,10396.189999999999
2016-08-23,10407.449999999997
2016-08-24,10396.989999999998
2016-08-25,10396.05
2016-08-26,10382.839999999998
2016-08-29,10383.039999999997
2016-08-30,10364.139999999998
2016-08-31,10353.499999999998
2016-09-01,10366.419999999998
2016-09-02,10383.989999999998
2016-09-06,10382.249999999998
2016-09-07,10393.46
2016-09-08,10341.649999999998
2016-09-09,10323.669999999998
2016-09-12,10323.669999999998
2016-09-13,10323.669999999998
2016-09-14,10323.669999999998
2016-09-15,10323.669999999998
2016-09-16,10323.669999999998
2016-09-19,10323.669999999998
2016-09-20,10323.669999999998
2016-09-21,10323.669999999998
2016-09-22,10323.669999999998
2016-09-23,10323.669999999998
2016-09-26,10323.669999999998
2016-09-27,10323.669999999998
2016-09-28,10323.669999999998
2016-09-29,10323.669999999998
2016-09-30,10323.669999999998
2016-10-03,10323.669999999998
2016-10-04,10323.669999999998
2016-10-05,10323.669999999998
2016-10-06,10323.669999999998
2016-10-07,10323.669999999998
2016-10-10,10315.799999999997
2016-10-11,10297.409999999998
2016-10-12,10309.109999999997
2016-10-13,10299.399999999998
2016-10-14,10320.879999999997
2016-10-17,10314.619999999999
2016-10-18,10324.999999999998
2016-10-19,10316.849999999999
2016-10-20,10309.039999999997
2016-10-21,10365.339999999997
2016-10-24,10413.96
2016-10-25,10448.139999999998
2016-10-26,10403.799999999997
2016-10-27,10348.689999999999
2016-10-28,10323.809999999998
2016-10-31,10340.649999999998
2016-11-01,10279.599999999999
2016-11-02,10261.149999999998
2016-11-03,10237.769999999999
2016-11-04,10215.939999999999
2016-11-07,10339.869999999999
2016-11-08,10341.169999999998
2016-11-09,10306.879999999997
2016-11-10,10215.679999999998
2016-11-11,10674.329999999998
2016-11-14,10553.799999999997
2016-11-15,10626.279999999999
2016-11-16,10691.659999999998
2016-11-17,10709.319999999998
2016-11-18,10726.979999999998
2016-11-21,10718.149999999998
2016-11-22,10735.809999999998
2016-11-23,10744.64
2016-11-25,10744.64
2016-11-28,10744.64
2016-11-29,10726.979999999998
2016-11-30,10709.319999999998
2016-12-01,10603.359999999999
2016-12-02,10621.019999999999
2016-12-05,10700.489999999998
2016-12-06,10726.979999999998
2016-12-07,10771.129999999997
2016-12-08,10735.809999999998
2016-12-09,10709.849999999999
2016-12-12,10662.069999999998
2016-12-13,10718.449999999997
2016-12-14,10825.439999999999
2016-12-15,10875.819999999998
2016-12-16,10903.859999999997
2016-12-19,10964.669999999998
2016-12-20,11042.059999999998
2016-12-21,11059.719999999998
2016-12-22,11086.469999999998
2016-12-23,11131.389999999998
2016-12-27,11300.199999999997
2016-12-28,11116.059999999998
2016-12-29,11166.699999999997
2016-12-30,11040.979999999998
2017-01-03,10946.459999999997
2017-01-04,10992.159999999998
2017-01-05,10930.349999999999
2017-01-06,10976.96
2017-01-09,11074.909999999998
2017-01-10,11058.379999999997
2017-01-11,11055.509999999998
2017-01-12,10982.099999999999
2017-01-13,10979.349999999999
2017-01-17,10939.569999999998
2017-01-18,10974.889999999998
2017-01-19,11025.119999999999
2017-01-20,11001.379999999997
2017-01-23,11028.969999999998
2017-01-24,11071.469999999998
2017-01-25,11096.199999999997
2017-01-26,11156.199999999997
2017-01-27,11238.099999999999
2017-01-30,11182.129999999997
2017-01-31,11148.619999999999
2017-02-01,11329.579999999998
2017-02-02,11342.519999999999
2017-02-03,11345.309999999998
2017-02-06,11422.619999999999
2017-02-07,11478.569999999998
2017-02-08,11474.64
2017-02-09,11444.609999999999
2017-02-10,11377.449999999997
2017-02-13,11296.609999999997
2017-02-14,11325.89
2017-02-15,11340.319999999998
2017-02-16,11293.719999999998
2017-02-17,11301.169999999998
2017-02-21,11399.969999999998
2017-02-22,11393.389999999998
2017-02-23,11232.699999999999
2017-02-24,11234.899999999998
2017-02-27,11228.449999999997
2017-02-28,11223.3
2017-03-01,11285.8
2017-03-02,11250.999999999998
2017-03-03,11268.55
2017-03-06,11262.999999999998
2017-03-07,11268.449999999999
2017-03-08,11276.05
2017-03-09,11265.149999999998
2017-03-10,11276.749999999998
2017-03-13,11271.799999999997
2017-03-14,11261.55
2017-03-15,11290.399999999998
2017-03-16,11290.399999999998
2017-03-17,11286.8
2017-03-20,11308.649999999998
2017-03-21,11268.099999999999
2017-03-22,11310.05
2017-03-23,11299.449999999997
2017-03-24,11298.349999999999
2017-03-27,11304.649999999998
2017-03-28,11349.55
2017-03-29,11358.449999999999
2017-03-30,11337.099999999999
2017-03-31,11325.25
2017-04-03,11311.899999999998
2017-04-04,11213.849999999999
2017-04-05,11187.399999999998
2017-04-06,11199.0
2017-04-07,11187.199999999999
2017-04-10,11131.499999999998
2017-04-11,11109.349999999999
2017-04-12,11105.3
2017-04-13,11087.849999999999
2017-04-17,11112.099999999999
2017-04-18,11101.05
2017-04-19,11085.149999999998
2017-04-20,11120.849999999999
2017-04-21,11141.149999999998
2017-04-24,11188.099999999999
2017-04-25,11209.949999999999
2017-04-26,11196.149999999998
2017-04-27,11208.8
2017-04-28,11211.349999999999
2017-05-01,11275.8
2017-05-02,11285.699999999999
2017-05-03,11274.149999999998
2017-05-04,11259.699999999999
2017-05-05,11297.999999999998
2017-05-08,11352.05
2017-05-09,11368.3
2017-05-10,11365.149999999998
2017-05-11,11353.249999999998
2017-05-12,11380.399999999998
2017-05-15,11376.699999999999
2017-05-16,11397.899999999998
2017-05-17,11277.599999999999
2017-05-18,11314.699999999997
2017-05-19,11321.899999999998
2017-05-22,11353.55
2017-05-23,11356.55
2017-05-24,11352.749999999998
2017-05-25,11381.149999999998
2017-05-26,11385.8
2017-05-30,11398.149999999998
2017-05-31,11371.249999999998
2017-06-01,11383.8
2017-06-02,11456.099999999999
2017-06-05,11448.199999999997
2017-06-06,11461.349999999999
2017-06-07,11470.749999999998
2017-06-08,11454.8
2017-06-09,11339.799999999997
2017-06-12,11326.299999999997
2017-06-13,11348.049999999997
2017-06-14,11338.549999999997
2017-06-15,11329.299999999997
2017-06-16,11331.799999999997
2017-06-19,11353.549999999997
2017-06-20,11329.549999999997
2017-06-21,11338.549999999997
2017-06-22,11338.299999999997
2017-06-23,11362.049999999997
2017-06-26,11345.049999999997
2017-06-27,11312.049999999997
2017-06-28,11326.799999999997
2017-06-29,11284.299999999997
2017-06-30,11284.299999999997
2017-07-03,11284.299999999997
2017-07-05,11284.299999999997
2017-07-06,11284.299999999997
2017-07-07,11284.299999999997
2017-07-10,11284.299999999997
2017-07-11,11284.299999999997
2017-07-12,11284.299999999997
2017-07-13,11284.989999999996
2017-07-14,11308.219999999998
2017-07-17,11321.329999999996
2017-07-18,11320.179999999997
2017-07-19,11333.059999999998
2017-07-20,11341.339999999997
2017-07-21,11331.449999999997
2017-07-24,11327.079999999996
2017-07-25,11340.649999999998
2017-07-26,11337.429999999997
2017-07-27,11316.959999999997
2017-07-28,11314.199999999997
2017-07-31,11306.379999999997
2017-08-01,11303.619999999997
2017-08-02,11296.259999999997
2017-08-03,11293.729999999998
2017-08-04,11305.919999999996
2017-08-07,11299.479999999998
2017-08-08,11308.449999999997
2017-08-09,11301.089999999997
2017-08-10,11276.709999999997
2017-08-11,11274.639999999998
2017-08-14,11274.639999999998
2017-08-15,11274.639999999998
2017-08-16,11274.639999999998
2017-08-17,11274.639999999998
2017-08-18,11274.639999999998
2017-08-21,11274.639999999998
2017-08-22,11274.639999999998
2017-08-23,11274.639999999998
2017-08-24,11274.639999999998
2017-08-25,11274.639999999998
2017-08-28,11274.639999999998
2017-08-29,11277.509999999998
2017-08-30,11279.379999999997
2017-08-31,11302.659999999998
2017-09-01,11284.809999999998
2017-09-05,11257.46
2017-09-06,11251.199999999999
2017-09-07,11265.32
2017-09-08,11230.339999999998
2017-09-11,11277.019999999999
2017-09-12,11268.699999999999
2017-09-13,11267.649999999998
2017-09-14,11208.839999999998
2017-09-15,11338.779999999999
2017-09-18,11397.469999999998
2017-09-19,11400.129999999997
2017-09-20,11367.969999999998
2017-09-21,11301.079999999998
2017-09-22,11289.839999999998
2017-09-25,11186.339999999998
2017-09-26,11194.159999999998
2017-09-27,11242.329999999998
2017-09-28,11242.769999999999
2017-09-29,11287.689999999999
2017-10-02,11294.239999999998
2017-10-03,11286.539999999999
2017-10-04,11311.64
2017-10-05,11339.8
2017-10-06,11344.369999999999
2017-10-09,11389.849999999999
2017-10-10,11425.039999999999
2017-10-11,11447.449999999999
2017-10-12,11466.759999999998
2017-10-13,11506.179999999998
2017-10-16,11544.89
2017-10-17,11543.529999999999
2017-10-18,11536.23
2017-10-19,11505.89
2017-10-20,11516.969999999998
2017-10-23,11516.55
2017-10-24,11546.649999999998
2017-10-25,11483.449999999999
2017-10-26,11516.609999999999
2017-10-27,11750.899999999998
2017-10-30,11811.769999999999
2017-10-31,11848.46
2017-11-01,11829.149999999998
2017-11-02,11849.89
2017-11-03,11926.539999999999
2017-11-06,11960.109999999999
2017-11-07,11985.189999999999
2017-11-08,11979.679999999998
2017-11-09,11926.369999999999
2017-11-10,12014.199999999999
2017-11-13,11976.499999999998
2017-11-14,11962.919999999998
2017-11-15,11875.769999999999
2017-11-16,11917.749999999998
2017-11-17,11886.349999999999
2017-11-20,11914.429999999998
2017-11-21,11994.559999999998
2017-11-22,11988.759999999998
2017-11-24,12011.609999999999
2017-11-27,11988.199999999999
2017-11-28,11968.389999999998
2017-11-29,11782.419999999998
2017-11-30,11826.05
2017-12-01,11819.429999999998
2017-12-04,11760.999999999998
2017-12-05,11759.279999999997
2017-12-06,11731.329999999998
2017-12-07,11731.329999999998
2017-12-08,11731.329999999998
2017-12-11,11731.329999999998
2017-12-12,11731.329999999998
2017-12-13,11731.329999999998
2017-12-14,11731.329999999998
2017-12-15,11731.329999999998
2017-12-18,11738.929999999998
2017-12-19,11720.13
2017-12-20,11718.529999999999
2017-12-21,11724.929999999998
2017-12-22,11724.929999999998
2017-12-26,11680.529999999999
2017-12-27,11680.929999999998
2017-12-28,11685.73
2017-12-29,11667.329999999998
2018-01-02,11697.729999999998
2018-01-03,11697.329999999998
2018-01-04,11705.329999999998
2018-01-05,11724.929999999998
2018-01-08,11718.529999999999
2018-01-09,11718.129999999997
2018-01-10,11717.729999999998
2018-01-11,11727.729999999998
2018-01-12,11745.73
2018-01-16,11736.929999999998
2018-01-17,11765.73
2018-01-18,11767.729999999998
2018-01-19,11759.729999999998
2018-01-22,11744.929999999998
2018-01-23,11745.329999999998
2018-01-24,11717.329999999998
2018-01-25,11686.13
2018-01-26,11690.13
2018-01-29,11666.129999999997
2018-01-30,11666.129999999997
2018-01-31,11666.129999999997
2018-02-01,11666.129999999997
2018-02-02,11666.129999999997
2018-02-05,11666.129999999997
2018-02-06,11666.129999999997
2018-02-07,11666.129999999997
2018-02-08,11666.129999999997
2018-02-09,11666.129999999997
2018-02-12,11666.129999999997
2018-02-13,11666.129999999997
2018-02-14,11666.129999999997
2018-02-15,11666.129999999997
2018-02-16,11666.129999999997
2018-02-20,11666.129999999997
2018-02-21,11666.129999999997
2018-02-22,11666.129999999997
2018-02-23,11666.129999999997
2018-02-26,11666.129999999997
2018-02-27,11666.129999999997
2018-02-28,11666.129999999997
2018-03-01,11666.129999999997
2018-03-02,11666.129999999997
2018-03-05,11666.129999999997
2018-03-06,11666.129999999997
2018-03-07,11666.129999999997
2018-03-08,11666.129999999997
2018-03-09,11678.189999999997
2018-03-12,11666.519999999997
2018-03-13,11593.469999999998
2018-03-14,11577.259999999998
2018-03-15,11587.869999999999
2018-03-16,11598.039999999997
2018-03-19,11477.709999999997
2018-03-20,11539.439999999999
2018-03-21,11481.809999999998
2018-03-22,11394.869999999997
2018-03-23,11331.159999999996
2018-03-26,11411.489999999996
2018-03-27,11248.059999999998
2018-03-28,11248.059999999998
2018-03-29,11248.059999999998
2018-04-02,11248.059999999998
2018-04-03,11248.059999999998
2018-04-04,11248.059999999998
2018-04-05,11248.059999999998
2018-04-06,11248.059999999998
2018-04-09,11248.059999999998
2018-04-10,11248.059999999998
2018-04-11,11248.059999999998
2018-04-12,11248.059999999998
2018-04-13,11248.059999999998
2018-04-16,11248.059999999998
2018-04-17,11269.439999999999
2018-04-18,11271.929999999998
2018-04-19,11218.439999999999
2018-04-20,11132.309999999998
2018-04-23,11125.339999999997
2018-04-24,11087.429999999997
2018-04-25,11073.659999999998
2018-04-26,11106.809999999998
2018-04-27,11133.329999999998
2018-04-30,11094.229999999998
2018-05-01,11119.389999999998
2018-05-02,11094.059999999998
2018-05-03,11103.579999999998
2018-05-04,11157.829999999998
2018-05-07,11254.539999999997
2018-05-08,11266.789999999997
2018-05-09,11334.219999999998
2018-05-10,11405.969999999998
2018-05-11,11350.299999999997
2018-05-14,11357.379999999997
2018-05-15,11262.919999999998
2018-05-16,11279.079999999998
2018-05-17,11262.569999999998
2018-05-18,11248.259999999998
2018-05-21,11270.469999999998
2018-05-22,11253.249999999998
2018-05-23,11317.309999999998
2018-05-24,11309.509999999998
2018-05-25,11325.509999999998
2018-05-29,11307.729999999998
2018-05-30,11350.479999999998
2018-05-31,11337.149999999998
2018-06-01,11440.159999999998
2018-06-04,11519.779999999997
2018-06-05,11545.079999999998
2018-06-06,11556.099999999999
2018-06-07,11507.669999999998
2018-06-08,11501.369999999997
2018-06-11,11475.989999999998
2018-06-12,11501.109999999997
2018-06-13,11478.859999999997
2018-06-14,11519.759999999998
2018-06-15,11468.619999999997
2018-06-18,11480.289999999997
2018-06-19,11410.979999999996
2018-06-20,11444.769999999997
2018-06-21,11396.349999999997
2018-06-22,11339.619999999997
2018-06-25,11269.269999999997
2018-06-26,11280.999999999998
2018-06-27,11254.819999999998
2018-06-28,11250.229999999998
2018-06-29,11250.229999999998
2018-07-02,11250.229999999998
2018-07-03,11250.229999999998
2018-07-05,11250.229999999998
2018-07-06,11250.229999999998
2018-07-09,11250.229999999998
2018-07-10,11250.229999999998
2018-07-11,11250.229999999998
2018-07-12,11272.629999999997
2018-07-13,11289.32
2018-07-16,11277.499999999998
2018-07-17,11298.689999999999
2018-07-18,11276.309999999998
2018-07-19,11277.739999999998
2018-07-20,11303.809999999998
2018-07-23,11332.409999999998
2018-07-24,11294.48
2018-07-25,11382.579999999998
2018-07-26,11376.239999999998
2018-07-27,11298.23
2018-07-30,11198.969999999998
2018-07-31,11218.8
2018-08-01,11330.989999999998
2018-08-02,11432.339999999998
2018-08-03,11453.09
2018-08-06,11477.279999999999
2018-08-07,11490.75
2018-08-08,11512.199999999999
2018-08-09,11516.129999999997
2018-08-10,11482.869999999999
2018-08-13,11490.109999999999
2018-08-14,11556.649999999998
2018-08-15,11514.489999999998
2018-08-16,11530.48
2018-08-17,11481.849999999999
2018-08-20,11420.019999999999
2018-08-21,11401.929999999998
2018-08-22,11419.21
2018-08-23,11444.009999999998
2018-08-24,11499.66
2018-08-27,11557.919999999998
2018-08-28,11573.519999999999
2018-08-29,11655.93
2018-08-30,11670.419999999998
2018-08-31,11717.379999999997
2018-09-04,11731.89
2018-09-05,11633.75
2018-09-06,11568.239999999998
2018-09-07,11539.179999999998
2018-09-10,11549.779999999999
2018-09-11,11614.89
2018-09-12,11569.769999999999
2018-09-13,11653.649999999998
2018-09-14,11672.279999999999
2018-09-17,11584.91
2018-09-18,11587.05
2018-09-19,11569.119999999999
2018-09-20,11577.48
2018-09-21,11549.739999999998
2018-09-24,11565.47
2018-09-25,11574.199999999999
2018-09-26,11550.93
2018-09-27,11597.71
2018-09-28,11604.07
2018-10-01,11654.22
2018-10-02,11647.349999999999
2018-10-03,11674.599999999999
2018-10-04,11554.65
2018-10-05,11455.649999999998
2018-10-08,11403.89
2018-10-09,11453.75
2018-10-10,11265.9
2018-10-11,11248.75
2018-10-12,11248.75
2018-10-15,11248.75
2018-10-16,11248.75
2018-10-17,11248.75
2018-10-18,11248.75
2018-10-19,11248.75
2018-10-22,11248.75
2018-10-23,11248.75
2018-10-24,11248.75
2018-10-25,11248.75
2018-10-26,11248.75
2018-10-29,11248.75
2018-10-30,11248.75
2018-10-31,11248.75
2018-11-01,11248.75
2018-11-02,11248.75
2018-11-05,11248.75
2018-11-06,11248.75
2018-11-07,11248.75
2018-11-08,11248.75
2018-11-09,11248.75
2018-11-12,11248.75
2018-11-13,11248.75
2018-11-14,11248.75
2018-11-15,11248.75
2018-11-16,11248.75
2018-11-19,11248.75
2018-11-20,11248.75
2018-11-21,11248.75
2018-11-23,11248.75
2018-11-26,11248.75
2018-11-27,11248.75
2018-11-28,11248.75
2018-11-29,11248.75
2018-11-30,11248.75
2018-12-03,11248.75
2018-12-04,11248.75
2018-12-06,11248.75
2018-12-07,11248.75
2018-12-10,11248.75
2018-12-11,11248.75
2018-12-12,11248.75
2018-12-13,11248.75
2018-12-14,11248.75
2018-12-17,11248.75
2018-12-18,11248.75
2018-12-19,11248.75
2018-12-20,11248.75
2018-12-21,11248.75
2018-12-24,11248.75
2018-12-26,11248.75
2018-12-27,11248.75
2018-12-28,11248.75
2018-12-31,11248.75
2019-01-02,11248.75
2019-01-03,11248.75
2019-01-04,11248.75
2019-01-07,11248.75
2019-01-08,11248.75
2019-01-09,11248.75
2019-01-10,11248.75
2019-01-11,11248.75
2019-01-14,11248.75
2019-01-15,11248.75
2019-01-16,11248.75
2019-01-17,11248.75
2019-01-18,11252.199999999999
2019-01-22,11221.75
2019-01-23,11237.199999999999
2019-01-24,11229.55
2019-01-25,11244.099999999999
2019-01-28,11212.75
2019-01-29,11180.65
2019-01-30,11232.25
2019-01-31,11203.0
2019-02-01,11178.25
2019-02-04,11222.65
2019-02-05,11244.849999999999
2019-02-06,11227.0
2019-02-07,11215.599999999999
2019-02-08,11221.599999999999
2019-02-11,11215.3
2019-02-12,11239.9
2019-02-13,11238.699999999999
2019-02-14,11240.05
2019-02-15,11189.81
2019-02-19,11184.939999999999
2019-02-20,11186.119999999999
2019-02-21,11191.18
2019-02-22,11251.66
2019-02-25,11256.84
2019-02-26,11251.91
2019-02-27,11232.58
2019-02-28,11218.119999999999
2019-03-01,11246.22
2019-03-04,11246.289999999999
2019-03-05,11233.77
2019-03-06,11189.199999999999
2019-03-07,11139.96
2019-03-08,11158.24
2019-03-11,11300.16
2019-03-12,11324.369999999999
2019-03-13,11403.49
2019-03-14,11371.88
2019-03-15,11437.0
2019-03-18,11449.539999999999
2019-03-19,11520.779999999999
2019-03-20,11506.47
2019-03-21,11645.849999999999
2019-03-22,11532.38
2019-03-25,11500.329999999998
2019-03-26,11537.039999999999
2019-03-27,11515.82
2019-03-28,11526.46
2019-03-29,11566.33
2019-04-01,11611.369999999999
2019-04-02,11622.16
2019-04-03,11691.539999999999
2019-04-04,11678.27
2019-04-05,11710.939999999999
2019-04-08,11719.779999999999
2019-04-09,11685.31
2019-04-10,11727.8
2019-04-11,11725.779999999999
2019-04-12,11718.599999999999
2019-04-15,11666.539999999999
2019-04-16,11699.419999999998
2019-04-17,11702.06
2019-04-18,11717.82
2019-04-22,11744.27
2019-04-23,11794.189999999999
2019-04-24,11791.86
2019-04-25,11808.64
2019-04-26,11687.9
2019-04-29,11686.099999999999
2019-04-30,11698.55
2019-05-01,11657.75
2019-05-02,11632.699999999999
2019-05-03,11673.05
2019-05-06,11661.8
2019-05-07,11622.349999999999
2019-05-08,11622.199999999999
2019-05-09,11622.05
2019-05-10,11646.5
2019-05-13,11589.8
2019-05-14,11610.5
2019-05-15,11629.849999999999
2019-05-16,11673.5
2019-05-17,11660.599999999999
2019-05-20,11632.849999999999
2019-05-21,11643.05
2019-05-22,11654.599999999999
2019-05-23,11632.25
2019-05-24,11633.15
2019-05-28,11631.949999999999
2019-05-29,11613.65
2019-05-30,11625.5
2019-05-31,11594.75
2019-06-03,11584.699999999999
2019-06-04,11584.699999999999
2019-06-05,11584.699999999999
2019-06-06,11584.699999999999
2019-06-07,11584.699999999999
2019-06-10,11584.699999999999
2019-06-11,11584.699999999999
2019-06-12,11584.699999999999
2019-06-13,11584.699999999999
2019-06-14,11584.699999999999
2019-06-17,11584.699999999999
2019-06-18,11584.699999999999
2019-06-19,11584.699999999999
2019-06-20,11584.699999999999
2019-06-21,11584.699999999999
2019-06-24,11584.699999999999
2019-06-25,11584.699999999999
2019-06-26,11574.84
2019-06-27,11574.5
2019-06-28,11558.859999999999
2019-07-01,11589.8
2019-07-02,11599.66
2019-07-03,11613.939999999999
2019-07-05,11612.579999999998
2019-07-08,11576.88
2019-07-09,11587.079999999998
2019-07-10,11604.079999999998
2019-07-11,11591.5
2019-07-12,11604.759999999998
2019-07-15,11620.739999999998
2019-07-16,11614.96
2019-07-17,11605.099999999999
2019-07-18,11624.82
2019-07-19,11598.64
2019-07-22,11638.079999999998
2019-07-23,11651.679999999998
2019-07-24,11650.32
2019-07-25,11636.38
2019-07-26,11642.5
2019-07-29,11658.82
2019-07-30,11651.34
2019-07-31,11687.38
2019-08-01,11648.279999999999
2019-08-02,11610.88
2019-08-05,11559.199999999999
2019-08-06,11559.199999999999
2019-08-07,11559.199999999999
2019-08-08,11559.199999999999
2019-08-09,11559.199999999999
2019-08-12,11559.199999999999
2019-08-13,11559.199999999999
2019-08-14,11559.199999999999
2019-08-15,11559.199999999999
2019-08-16,11559.199999999999
2019-08-19,11559.199999999999
2019-08-20,11559.199999999999
2019-08-21,11559.199999999999
2019-08-22,11559.199999999999
2019-08-23,11559.199999999999
2019-08-26,11559.199999999999
2019-08-27,11559.199999999999
2019-08-28,11559.199999999999
2019-08-29,11559.199999999999
2019-08-30,11559.199999999999
2019-09-03,11559.199999999999
2019-09-04,11559.199999999999
2019-09-05,11613.079999999998
2019-09-06,11593.739999999998
2019-09-09,11583.939999999999
2019-09-10,11614.93
2019-09-11,11682.359999999999
2019-09-12,11695.0
2019-09-13,11634.219999999998
2019-09-16,11615.739999999998
2019-09-17,11642.8
2019-09-18,11660.769999999999
2019-09-19,11645.21
2019-09-20,11560.029999999999
2019-09-23,11584.279999999999
2019-09-24,11531.019999999999
2019-09-25,11641.21
2019-09-26,11622.179999999998
2019-09-27,11536.559999999998
2019-09-30,11616.939999999999
2019-10-01,11598.539999999999
2019-10-02,11514.4
2019-10-03,11608.84
2019-10-04,11666.06
2019-10-07,11690.52
2019-10-08,11597.619999999999
2019-10-09,11654.47
2019-10-10,11702.609999999999
2019-10-11,11779.359999999999
2019-10-14,11780.769999999999
2019-10-15,11875.539999999999
2019-10-16,11848.009999999998
2019-10-17,11855.369999999999
2019-10-18,11824.63
2019-10-21,11913.169999999998
2019-10-22,11904.72
2019-10-23,11926.669999999998
2019-10-24,11945.75
2019-10-25,12045.18
2019-10-28,12083.239999999998
2019-10-29,11981.14
2019-10-30,12006.47
2019-10-31,12015.58
2019-11-01,12088.33
2019-11-04,12191.13
2019-11-05,12178.91
2019-11-06,12155.220000000001
2019-11-07,12183.16
2019-11-08,12201.380000000001
2019-11-11,12223.47
2019-11-12,12248.95
2019-11-13,12260.08
2019-11-14,12266.27
2019-11-15,12258.57
2019-11-18,12357.259999999998
2019-11-19,12307.47
2019-11-20,12305.35
2019-11-21,12282.16
2019-11-22,12289.82
2019-11-25,12449.2
2019-11-26,12402.46
2019-11-27,12446.33
2019-11-29,12414.369999999999
2019-12-02,12292.34
2019-12-03,12156.42
2019-12-04,12181.46
2019-12-05,12212.82
2019-12-06,12275.94
2019-12-09,12240.86
2019-12-10,12250.58
2019-12-11,12275.66
2019-12-12,12309.51
2019-12-13,12354.75
2019-12-16,12414.439999999999
2019-12-17,12435.0
2019-12-18,12435.970000000001
2019-12-19,12503.94
2019-12-20,12549.330000000002
2019-12-23,12582.5
2019-12-24,12584.38
2019-12-26,12648.29
2019-12-27,12630.95
2019-12-30,12591.86
2019-12-31,12633.31
2020-01-02,12761.83
2020-01-03,12681.37
2020-01-06,12715.1
2020-01-07,12709.67
2020-01-08,12781.5
2020-01-09,12880.19
2020-01-10,12886.56
2020-01-13,13025.85
2020-01-14,12938.09
2020-01-15,12926.57
2020-01-16,13020.29
2020-01-17,13062.6
2020-01-21,13028.19
2020-01-22,13044.1
2020-01-23,13091.99
2020-01-24,13044.61
2020-01-27,12853.86
2020-01-28,13024.67
2020-01-29,13088.89
2020-01-30,13145.56
2020-01-31,12920.64
2020-02-03,12996.82
2020-02-04,13203.25
2020-02-05,13251.2
2020-02-06,13355.83
2020-02-07,13294.5
2020-02-10,13457.06
2020-02-11,13433.29
2020-02-12,13533.74
2020-02-13,13489.939999999999
2020-02-14,13665.83
2020-02-18,13696.98
2020-02-19,13886.96
2020-02-20,13776.43
2020-02-21,13525.76
2020-02-24,13132.6
2020-02-25,13006.08
2020-02-26,13077.62
2020-02-27,12871.15
2020-02-28,13013.48
2020-03-02,13066.439999999999
2020-03-03,12980.38
2020-03-04,13132.64
2020-03-05,13039.96
2020-03-06,12980.38
2020-03-09,12755.3
2020-03-10,12755.3
2020-03-11,12755.3
2020-03-12,12755.3
2020-03-13,12755.3
2020-03-16,12755.3
2020-03-17,12755.3
2020-03-18,12755.3
2020-03-19,12755.3
2020-03-20,12755.3
2020-03-23,12755.3
2020-03-24,12755.3
2020-03-25,12755.3
2020-03-26,12755.3
2020-03-27,12755.3
2020-03-30,12755.3
2020-03-31,12755.3
2020-04-01,12755.3
2020-04-02,12755.3
2020-04-03,12755.3
2020-04-06,12755.3
2020-04-07,12623.3
2020-04-08,12675.55
2020-04-09,12648.05
2020-04-13,12697.55
2020-04-14,12793.8
2020-04-15,12771.8
2020-04-16,12868.05
2020-04-17,12851.55
2020-04-20,12815.8
2020-04-21,12694.8
2020-04-22,12807.55
2020-04-23,12793.8
2020-04-24,12832.3
2020-04-27,12884.55
2020-04-28,12843.3
2020-04-29,12888.64
2020-04-30,12886.91
2020-05-01,12790.23
2020-05-04,12874.5
2020-05-05,12919.599999999999
2020-05-06,12967.119999999999
2020-05-07,13036.9
2020-05-08,13130.489999999998
2020-05-11,13233.71
2020-05-12,13136.06
2020-05-13,13106.119999999999
2020-05-14,13187.349999999999
2020-05-15,13301.89
2020-05-18,13420.449999999999
2020-05-19,13425.25
2020-05-20,13508.769999999999
2020-05-21,13440.919999999998
2020-05-22,13522.929999999998
2020-05-26,13423.64
2020-05-27,13380.49
2020-05-28,13370.269999999999
2020-05-29,13475.699999999999
2020-06-01,13481.669999999998
2020-06-02,13496.789999999999
2020-06-03,13491.99
2020-06-04,13473.789999999999
2020-06-05,13574.84
2020-06-08,13557.07
2020-06-09,13691.71
2020-06-10,13837.169999999998
2020-06-11,13570.439999999999
2020-06-12,13624.91
2020-06-15,13718.21
2020-06-16,13749.73
2020-06-17,13793.359999999999
2020-06-18,13788.64
2020-06-19,13786.64
2020-06-22,13920.429999999998
2020-06-23,13948.09
2020-06-24,13848.48
2020-06-25,13948.169999999998
2020-06-26,13781.869999999999
2020-06-29,13848.66
2020-06-30,13950.66
2020-07-01,13954.49
2020-07-02,13976.49
2020-07-06,14102.919999999998
2020-07-07,14103.63
2020-07-08,14256.3
2020-07-09,14344.89
2020-07-10,14342.88
2020-07-13,14213.189999999999
2020-07-14,14345.019999999999
2020-07-15,14321.189999999999
2020-07-16,14262.23
2020-07-17,14276.539999999999
2020-07-20,14414.57
2020-07-21,14329.71
2020-07-22,14366.98
2020-07-23,14166.81
2020-07-24,14177.07
2020-07-27,14297.519999999999
2020-07-28,14201.96
2020-07-29,14317.25
2020-07-30,14385.65
2020-07-31,14647.47
2020-08-03,14828.349999999999
2020-08-04,14875.329999999998
2020-08-05,14898.469999999998
2020-08-06,15046.16
2020-08-07,14896.419999999998
2020-08-10,14887.989999999998
2020-08-11,14664.189999999999
2020-08-12,14978.919999999998
2020-08-13,15026.02
2020-08-14,15058.419999999998
2020-08-17,15278.919999999998
2020-08-18,15293.719999999998
2020-08-19,15246.719999999998
2020-08-20,15362.34
2020-08-21,15653.579999999998
2020-08-24,15710.02
2020-08-25,15719.289999999997
2020-08-26,15815.529999999999
2020-08-27,15792.07
2020-08-28,15953.169999999998
2020-08-31,16089.849999999999
2020-09-01,16364.64
2020-09-02,16481.91
2020-09-03,15699.14
2020-09-04,15560.719999999998
2020-09-08,15042.429999999998
2020-09-09,15382.179999999998
2020-09-10,15169.849999999999
2020-09-11,15060.219999999998
2020-09-14,15255.469999999998
2020-09-15,15288.469999999998
2020-09-16,15156.469999999998
2020-09-17,15142.719999999998
2020-09-18,15068.469999999998
2020-09-21,15159.219999999998
2020-09-22,15192.219999999998
2020-09-23,15049.219999999998
2020-09-24,15112.469999999998
2020-09-25,15255.469999999998
2020-09-28,15302.219999999998
2020-09-29,15354.469999999998
2020-09-30,15436.969999999998
2020-10-01,15458.969999999998
2020-10-02,15307.719999999998
2020-10-05,15467.219999999998
2020-10-06,15494.719999999998
2020-10-07,15555.219999999998
2020-10-08,15522.219999999998
2020-10-09,15518.119999999997
2020-10-12,15785.159999999996
2020-10-13,15742.559999999998
2020-10-14,15683.019999999997
2020-10-15,15626.149999999998
2020-10-16,15550.039999999997
2020-10-19,15352.629999999997
2020-10-20,15427.249999999996
2020-10-21,15380.839999999997
2020-10-22,15316.459999999995
2020-10-23,15379.619999999995
2020-10-26,15194.559999999998
2020-10-27,15327.209999999995
2020-10-28,15051.569999999998
2020-10-29,15051.569999999998
2020-10-30,15051.569999999998
2020-11-02,15051.569999999998
2020-11-03,15051.569999999998
2020-11-04,15051.569999999998
2020-11-05,15051.569999999998
2020-11-06,15079.829999999998
2020-11-09,14865.319999999998
2020-11-10,14656.499999999998
2020-11-11,14813.949999999999
2020-11-12,14809.13
2020-11-13,14794.71
2020-11-16,14836.449999999997
2020-11-17,14793.05
2020-11-18,14760.819999999998
2020-11-19,14775.789999999997
2020-11-20,14700.539999999997
2020-11-23,14705.589999999998
2020-11-24,14714.829999999998
2020-11-25,14757.319999999998
2020-11-27,14775.629999999997
2020-11-30,14786.009999999998
2020-12-01,14818.439999999999
2020-12-02,14840.069999999998
2020-12-03,14804.269999999999
2020-12-04,14818.169999999998
2020-12-07,14852.319999999998
2020-12-08,14840.039999999997
2020-12-09,14685.199999999997
2020-12-10,14684.55
2020-12-11,14697.009999999998
2020-12-14,14695.07
2020-12-15,14804.169999999998
2020-12-16,14854.41
2020-12-17,14871.829999999998
2020-12-18,14826.81
2020-12-21,14895.07
2020-12-22,14974.269999999999
2020-12-23,14928.509999999998
2020-12-24,14963.989999999998
2020-12-28,15071.05
2020-12-29,15030.189999999999
2020-12-30,14984.789999999999
2020-12-31,14973.649999999998
2021-01-04,14867.31
2021-01-05,14898.21
2021-01-06,14762.329999999998
2021-01-07,14900.489999999998
2021-01-08,14934.13
2021-01-11,14847.789999999999
2021-01-12,14796.13
2021-01-13,14855.999999999998
2021-01-14,14733.369999999999
2021-01-15,14642.39
2021-01-19,14720.419999999998
2021-01-20,14930.439999999999
2021-01-21,15105.359999999999
2021-01-22,15128.679999999998
2021-01-25,15224.0
2021-01-26,15222.089999999998
2021-01-27,15123.23
2021-01-28,15115.259999999998
2021-01-29,14943.439999999999
2021-02-01,15100.329999999998
2021-02-02,15166.39
2021-02-03,15177.499999999998
2021-02-04,15250.889999999998
2021-02-05,15230.039999999999
2021-02-08,15373.989999999998
2021-02-09,15341.449999999999
2021-02-10,15402.289999999997
2021-02-11,15494.179999999998
2021-02-12,15456.229999999998
2021-02-16,15464.399999999998
2021-02-17,15358.64
2021-02-18,15299.74
2021-02-19,15287.84
2021-02-22,15130.329999999998
2021-02-23,15082.07
2021-02-24,15153.55
2021-02-25,14901.08
2021-02-26,14966.279999999999
2021-03-01,14987.47
2021-03-02,14917.38
2021-03-03,14881.52
2021-03-04,14881.52
2021-03-05,14881.52
2021-03-08,14881.52
2021-03-09,14881.52
2021-03-10,14881.52
2021-03-11,14881.52
2021-03-12,14881.52
2021-03-15,14881.52
2021-03-16,14881.52
2021-03-17,14881.52
2021-03-18,14881.52
2021-03-19,14881.52
2021-03-22,14881.52
2021-03-23,14858.93
2021-03-24,14839.849999999999
2021-03-25,14811.769999999999
2021-03-26,14849.029999999999
2021-03-29,14837.869999999999
2021-03-30,14807.359999999999
2021-03-31,14842.64
2021-04-01,14936.09
2021-04-05,15025.91
2021-04-06,14993.83
2021-04-07,15057.83
2021-04-08,15117.32
2021-04-09,15153.76
2021-04-12,15286.33
2021-04-13,15386.16
2021-04-14,15294.86
2021-04-15,15470.23
2021-04-16,15443.9
2021-04-19,15336.25
2021-04-20,15300.96
2021-04-21,15352.81
2021-04-22,15238.99
2021-04-23,15343.27
2021-04-26,15381.1
2021-04-27,15368.58
2021-04-28,15285.59
2021-04-29,15273.66
2021-04-30,15220.16
2021-05-03,15189.57
2021-05-04,15064.609999999999
2021-05-05,15082.539999999999
2021-05-06,15092.32
2021-05-07,15139.59
2021-05-10,15051.57
2021-05-11,14976.59
2021-05-12,14976.59
2021-05-13,14976.59
2021-05-14,14976.59
2021-05-17,14976.59
2021-05-18,14976.59
2021-05-19,14976.59
2021-05-20,14976.59
2021-05-21,14976.59
2021-05-24,14963.72
2021-05-25,14969.44
2021-05-26,14976.59
2021-05-27,14946.56
2021-05-28,15053.81
2021-06-01,15056.67
2021-06-02,15131.029999999999
2021-06-03,15158.2
2021-06-04,15245.43
2021-06-07,15251.15
2021-06-08,15206.19
2021-06-09,15200.05
2021-06-10,15239.26
2021-06-11,15301.66
2021-06-14,15378.66
2021-06-15,15319.25
2021-06-16,15322.94
2021-06-17,15500.53
2021-06-18,15463.300000000001
2021-06-21,15490.150000000001
2021-06-22,15607.53
2021-06-23,15625.16
2021-06-24,15653.04
2021-06-25,15608.84
2021-06-28,15804.11
2021-06-29,15857.62
2021-06-30,15860.04
2021-07-01,15900.94
2021-07-02,16035.11
2021-07-06,16100.240000000002
2021-07-07,16114.560000000001
2021-07-08,16004.66
2021-07-09,16062.060000000001
2021-07-12,16112.51
2021-07-13,16123.99
2021-07-14,16137.27
2021-07-15,15989.630000000001
2021-07-16,15836.03
2021-07-19,15827.79
2021-07-20,15884.86
2021-07-21,16003.150000000001
2021-07-22,16090.61
2021-07-23,16144.480000000001
2021-07-26,16108.220000000001
2021-07-27,16038.960000000001
2021-07-28,16047.44
2021-07-29,16083.78
2021-07-30,16051.920000000002
2021-08-02,16081.17
2021-08-03,16140.86
2021-08-04,16193.36
2021-08-05,16272.220000000001
2021-08-06,16217.49
2021-08-09,16196.16
2021-08-10,16122.66
2021-08-11,16096.84
2021-08-12,16201.26
2021-08-13,16269.19
2021-08-16,16283.21
2021-08-17,16185.17
2021-08-18,16041.2
2021-08-19,16203.98
2021-08-20,16435.89
2021-08-23,16627.07
2021-08-24,16584.99
2021-08-25,16618.75
2021-08-26,16561.43
2021-08-27,16666.0
2021-08-30,16780.95
2021-08-31,16702.440000000002
2021-09-01,16720.75
2021-09-02,16728.97
2021-09-03,16802.86
2021-09-07,16810.07
2021-09-08,16737.690000000002
2021-09-09,16673.45
2021-09-10,16617.33
2021-09-13,16590.24
2021-09-14,16601.2
2021-09-15,16671.21
2021-09-16,16656.03
2021-09-17,16518.2
2021-09-20,16320.76
2021-09-21,16340.78
2021-09-22,16439.45
2021-09-23,16516.670000000002
2021-09-24,16459.47
2021-09-27,16399.41
2021-09-28,16252.12
2021-09-29,16252.12
2021-09-30,16252.12
2021-10-01,16252.12
2021-10-04,16252.12
2021-10-05,16252.12
2021-10-06,16252.12
2021-10-07,16252.12
2021-10-08,16252.12
2021-10-11,16252.12
2021-10-12,16252.12
2021-10-13,16252.12
2021-10-14,16252.12
2021-10-15,16252.12
2021-10-18,16252.12
2021-10-19,16252.12
2021-10-20,16252.12
2021-10-21,16265.080000000002
2021-10-22,16269.400000000001
2021-10-25,16316.920000000002
2021-10-26,16484.32
2021-10-27,16455.16
2021-10-28,16508.08
2021-10-29,16576.120000000003
2021-11-01,16604.2
2021-11-02,16665.760000000002
2021-11-03,16687.36
2021-11-04,17032.960000000003
2021-11-05,17027.56
2021-11-08,17140.960000000003
2021-11-09,17125.84
2021-11-10,16996.24
2021-11-11,17096.68
2021-11-12,17096.68
2021-11-15,17057.800000000003
2021-11-16,17076.16
2021-11-17,16979.28
2021-11-18,17310.72
2021-11-19,17495.08
2021-11-22,17391.36
2021-11-23,17374.92
2021-11-24,17482.760000000002
2021-11-26,17274.32
2021-11-29,17532.24
2021-11-30,17537.6
2021-12-01,17395.2
2021-12-02,17453.56
2021-12-03,17267.32
2021-12-06,17113.48
2021-12-07,17207.24
2021-12-08,17269.64
2021-12-09,17261.32
2021-12-10,17339.56
2021-12-13,17280.2
2021-12-14,17257.64
2021-12-15,17337.16
2021-12-16,17224.52
2021-12-17,17206.6
2021-12-20,17184.36
2021-12-21,17236.2
2021-12-22,17278.6
2021-12-23,17288.84
2021-12-27,17353.64
2021-12-28,17337.0
2021-12-29,17338.440000000002
2021-12-30,17319.56
2021-12-31,17309.48
2022-01-03,17380.52
2022-01-04,17343.56
2022-01-05,17267.08
2022-01-06,17220.36
2022-01-07,17223.08
2022-01-10,17223.4
2022-01-11,17269.64
2022-01-12,17276.84
2022-01-13,17223.4
2022-01-14,17237.48
2022-01-18,17185.16
2022-01-19,17147.24
2022-01-20,17147.24
2022-01-21,17147.24
2022-01-24,17147.24
2022-01-25,17147.24
2022-01-26,17147.24
2022-01-27,17147.24
2022-01-28,17147.24
2022-01-31,17147.24
2022-02-01,17147.24
2022-02-02,17147.24
2022-02-03,17147.24
2022-02-04,17147.24
2022-02-07,17147.24
2022-02-08,17147.24
2022-02-09,17147.24
2022-02-10,17147.24
2022-02-11,17147.24
2022-02-14,17147.24
2022-02-15,17147.24
2022-02-16,17147.24
2022-02-17,17147.24
2022-02-18,17147.24
2022-02-22,17147.24
2022-02-23,17147.24
2022-02-24,17147.24
2022-02-25,17147.24
2022-02-28,17147.24
2022-03-01,17147.24
2022-03-02,17147.24
2022-03-03,17147.24
2022-03-04,17147.24
2022-03-07,17147.24
2022-03-08,17147.24
2022-03-09,17147.24
2022-03-10,17147.24
2022-03-11,17147.24
2022-03-14,17147.24
2022-03-15,17147.24
2022-03-16,17147.24
2022-03-17,17147.24
2022-03-18,17147.24
2022-03-21,17147.24
2022-03-22,17147.24
2022-03-23,17147.24
2022-03-24,17147.24
2022-03-25,17147.24
2022-03-28,17147.24
2022-03-29,17147.24
2022-03-30,17147.24
2022-03-31,17147.24
2022-04-01,17147.24
2022-04-04,17147.24
2022-04-05,17147.24
2022-04-06,17147.24
2022-04-07,17147.24
2022-04-08,17147.24
2022-04-11,17147.24
2022-04-12,17147.24
2022-04-13,17147.24
2022-04-14,17147.24
2022-04-18,17147.24
2022-04-19,17147.24
2022-04-20,17147.24
2022-04-21,17147.24
2022-04-22,17147.24
2022-04-25,17147.24
2022-04-26,17147.24
2022-04-27,17147.24
2022-04-28,17147.24
2022-04-29,17147.24
2022-05-02,17147.24
2022-05-03,17147.24
2022-05-04,17147.24
2022-05-05,17147.24
2022-05-06,17147.24
2022-05-09,17147.24
2022-05-10,17147.24
2022-05-11,17147.24
2022-05-12,17147.24
2022-05-13,17147.24
2022-05-16,17147.24
2022-05-17,17147.24
2022-05-18,17147.24
2022-05-19,17147.24
2022-05-20,17147.24
2022-05-23,17147.24
2022-05-24,17147.24
2022-05-25,17147.24
2022-05-26,17147.24
2022-05-27,17147.24
2022-05-31,17147.24
2022-06-01,17147.24
2022-06-02,17147.24
2022-06-03,17147.24
2022-06-06,17147.24
2022-06-07,17147.24
2022-06-08,17147.24
2022-06-09,17147.24
2022-06-10,17147.24
2022-06-13,17147.24
2022-06-14,17147.24
2022-06-15,17147.24
2022-06-16,17147.24
2022-06-17,17147.24
2022-06-21,17147.24
2022-06-22,17147.24
2022-06-23,17147.24
2022-06-24,17147.24
2022-06-27,17147.24
2022-06-28,17147.24
2022-06-29,17147.24
2022-06-30,17147.24
2022-07-01,17147.24
2022-07-05,17147.24
2022-07-06,17147.24
2022-07-07,17147.24
2022-07-08,17147.24
2022-07-11,17147.24
2022-07-12,17118.0
2022-07-13,17111.71
2022-07-14,17162.370000000003
2022-07-15,17191.27
2022-07-18,17138.57
2022-07-19,17205.38
2022-07-20,17306.660000000003
2022-07-21,17381.450000000004
2022-07-22,17251.99
2022-07-25,17188.210000000003
2022-07-26,17092.74
2022-07-27,17364.300000000003
2022-07-28,17470.97
2022-07-29,17624.300000000003
2022-08-01,17624.170000000006
2022-08-02,17583.280000000002
2022-08-03,17809.450000000004
2022-08-04,17863.47
2022-08-05,17814.950000000004
2022-08-08,17605.880000000005
2022-08-09,17520.950000000004
2022-08-10,17805.61
2022-08-11,17749.920000000006
2022-08-12,17969.260000000002
2022-08-15,18049.190000000002
2022-08-16,18017.43
2022-08-17,17950.840000000004
2022-08-18,17997.33
2022-08-19,17780.280000000002
2022-08-22,17516.170000000002
2022-08-23,17520.800000000003
2022-08-24,17525.97
2022-08-25,17698.130000000005
2022-08-26,17350.100000000002
2022-08-29,17312.020000000004
2022-08-30,17281.760000000002
2022-08-31,17281.760000000002
2022-09-01,17281.760000000002
2022-09-02,17281.760000000002
2022-09-06,17281.760000000002
2022-09-07,17281.760000000002
2022-09-08,17281.760000000002
2022-09-09,17281.760000000002
2022-09-12,17281.760000000002
2022-09-13,17281.760000000002
2022-09-14,17281.760000000002
2022-09-15,17281.760000000002
2022-09-16,17281.760000000002
2022-09-19,17281.760000000002
2022-09-20,17281.760000000002
2022-09-21,17281.760000000002
2022-09-22,17281.760000000002
2022-09-23,17281.760000000002
2022-09-26,17281.760000000002
2022-09-27,17281.760000000002
2022-09-28,17281.760000000002
2022-09-29,17281.760000000002
2022-09-30,17281.760000000002
2022-10-03,17281.760000000002
2022-10-04,17281.760000000002
2022-10-05,17281.760000000002
2022-10-06,17281.760000000002
2022-10-07,17281.760000000002
2022-10-10,17281.760000000002
2022-10-11,17281.760000000002
2022-10-12,17281.760000000002
2022-10-13,17281.760000000002
2022-10-14,17281.760000000002
2022-10-17,17281.760000000002
2022-10-18,17281.760000000002
2022-10-19,17281.760000000002
2022-10-20,17281.760000000002
2022-10-21,17281.760000000002
2022-10-24,17281.760000000002
2022-10-25,17281.760000000002
2022-10-26,17281.760000000002
2022-10-27,17281.760000000002
2022-10-28,17333.280000000002
2022-10-31,17294.88
2022-11-01,17251.840000000004
2022-11-02,17161.920000000002
2022-11-03,17063.520000000004
2022-11-04,17041.200000000004
2022-11-07,17074.9
2022-11-08,17137.880000000005
2022-11-09,16917.020000000004
2022-11-10,17461.65
2022-11-11,17610.750000000004
2022-11-14,17580.870000000003
2022-11-15,17677.050000000003
2022-11-16,17521.010000000002
2022-11-17,17510.72
2022-11-18,17471.510000000002
2022-11-21,17402.920000000006
2022-11-22,17566.520000000004
2022-11-23,17662.280000000002
2022-11-25,17569.270000000004
2022-11-28,17370.97
2022-11-29,17273.86
2022-11-30,17760.840000000004
2022-12-01,17800.200000000004
2022-12-02,17748.960000000003
2022-12-05,17633.550000000003
2022-12-06,17412.250000000004
2022-12-07,17396.500000000004
2022-12-08,17642.11
2022-12-09,17584.04
2022-12-12,17788.880000000005
2022-12-13,17943.530000000002
2022-12-14,17838.770000000004
2022-12-15,17575.950000000004
2022-12-16,17464.730000000003
2022-12-19,17365.050000000003
2022-12-20,17349.910000000003
2022-12-21,17449.600000000002
2022-12-22,17206.31
2022-12-23,17206.31
2022-12-27,17206.31
2022-12-28,17206.31
2022-12-29,17206.31
2022-12-30,17206.31
2023-01-03,17206.31
2023-01-04,17206.31
2023-01-05,17206.31
2023-01-06,17206.31
2023-01-09,17206.31
2023-01-10,17206.31
2023-01-11,17206.31
2023-01-12,17206.31
2023-01-13,17206.31
2023-01-17,17258.11
2023-01-18,17166.29
2023-01-19,17077.090000000004
2023-01-20,17282.25
2023-01-23,17540.370000000003
2023-01-24,17577.770000000004
2023-01-25,17573.11
2023-01-26,17704.15
2023-01-27,17825.57
2023-01-30,17539.25
2023-01-31,17669.71
2023-02-01,17946.83
2023-02-02,18276.31
2023-02-03,18189.77
2023-02-06,18122.63
2023-02-07,18442.93
2023-02-08,18391.41
2023-02-09,18360.65
2023-02-10,18199.61
2023-02-13,18409.89
2023-02-14,18581.33
2023-02-15,18560.09
2023-02-16,18346.75
2023-02-17,18194.690000000002
2023-02-21,17959.49
2023-02-22,17968.95
2023-02-23,18441.050000000003
2023-02-24,18282.370000000003
2023-02-27,18344.63
2023-02-28,18286.61
2023-03-01,18140.350000000002
2023-03-02,18289.83
2023-03-03,18509.63
2023-03-06,18525.510000000002
2023-03-07,18419.690000000002
2023-03-08,18569.77
2023-03-09,18405.41
2023-03-10,18260.93
2023-03-13,18349.690000000002
2023-03-14,18617.870000000003
2023-03-15,18696.730000000003
2023-03-16,19049.690000000002
2023-03-17,19094.81
2023-03-20,19091.170000000002
2023-03-21,19184.91
2023-03-22,19183.870000000003
2023-03-23,19363.93
2023-03-24,19356.11
2023-03-27,19241.75
2023-03-28,19201.15
2023-03-29,19394.47
2023-03-30,19517.690000000002
2023-03-31,19665.11
2023-04-03,19703.91
2023-04-04,19618.210000000003
2023-04-05,19471.79
2023-04-06,19584.27
2023-04-10,19594.75
2023-04-11,19446.33
2023-04-12,19341.17
2023-04-13,19497.03
2023-04-14,19498.13
2023-04-17,19560.61
2023-04-18,19677.79
2023-04-19,19737.95
2023-04-20,19574.07
2023-04-21,19544.190000000002
2023-04-24,19498.030000000002
2023-04-25,19288.050000000003
2023-04-26,19593.93
2023-04-27,19812.190000000002
2023-04-28,19936.31
2023-05-01,20089.370000000003
2023-05-02,19965.370000000003
2023-05-03,19874.97
2023-05-04,19819.670000000002
2023-05-05,20177.870000000003
2023-05-08,20226.170000000002
2023-05-09,20092.690000000002
2023-05-10,20225.370000000003
2023-05-11,20160.910000000003
2023-05-12,20092.75
2023-05-15,20178.93
2023-05-16,20240.21
2023-05-17,20417.530000000002
2023-05-18,20727.210000000003
2023-05-19,20665.230000000003
2023-05-22,20664.510000000002
2023-05-23,20485.27
2023-05-24,20454.010000000002
2023-05-25,21696.530000000002
2023-05-26,21953.71
2023-05-30,22142.25
2023-05-31,21775.71
2023-06-01,22155.85
2023-06-02,22134.410000000003
2023-06-05,22091.47
2023-06-06,21985.25
2023-06-07,21684.07
2023-06-08,21904.81
2023-06-09,21965.61
2023-06-12,22172.230000000003
2023-06-13,22415.910000000003
2023-06-14,22750.97
2023-06-15,22843.85
2023-06-16,22772.45
2023-06-20,22897.03
2023-06-21,22720.75
2023-06-22,22832.53
2023-06-23,22659.99
2023-06-26,22336.57
2023-06-27,22631.49
2023-06-28,22553.23
2023-06-29,22506.95
2023-06-30,22859.730000000003
2023-07-03,22823.33
2023-07-05,22791.27
2023-07-06,22798.550000000003
2023-07-07,22796.910000000003
2023-07-10,22658.39
2023-07-11,22689.29
2023-07-12,22987.53
2023-07-13,23363.83
2023-07-14,23316.85
2023-07-17,23527.670000000002
2023-07-18,23813.03
2023-07-19,23732.91
2023-07-20,23384.47
2023-07-21,23152.97
2023-07-24,23225.35
2023-07-25,23458.07
2023-07-26,23307.77
2023-07-27,23280.83
2023-07-28,23530.11
2023-07-31,23513.81
2023-08-01,23470.33
2023-08-02,22990.57
2023-08-03,23002.190000000002
2023-08-04,22924.350000000002
2023-08-07,23033.870000000003
2023-08-08,22921.390000000003
2023-08-09,22638.710000000003
2023-08-10,22638.710000000003
2023-08-11,22638.710000000003
2023-08-14,22638.710000000003
2023-08-15,22638.710000000003
2023-08-16,22638.710000000003
2023-08-17,22638.710000000003
2023-08-18,22638.710000000003
2023-08-21,22638.710000000003
2023-08-22,22638.710000000003
2023-08-23,22638.710000000003
2023-08-24,22638.710000000003
2023-08-25,22638.710000000003
2023-08-28,22638.710000000003
2023-08-29,22638.710000000003
2023-08-30,22638.710000000003
2023-08-31,22638.710000000003
2023-09-01,22638.710000000003
2023-09-05,22644.110000000004
2023-09-06,22637.410000000003
2023-09-07,22607.710000000006
2023-09-08,22651.310000000005
2023-09-11,22688.010000000006
2023-09-12,22626.310000000005
2023-09-13,22669.210000000003
2023-09-14,22695.610000000004
2023-09-15,22610.810000000005
2023-09-18,22599.210000000003
2023-09-19,22595.110000000004
2023-09-20,22516.310000000005
2023-09-21,22496.310000000005
2023-09-22,22496.310000000005
2023-09-25,22496.310000000005
2023-09-26,22496.310000000005
2023-09-27,22496.310000000005
2023-09-28,22496.310000000005
2023-09-29,22496.310000000005
2023-10-02,22496.310000000005
2023-10-03,22496.310000000005
2023-10-04,22496.310000000005
2023-10-05,22496.310000000005
2023-10-06,22496.310000000005
2023-10-09,22496.310000000005
2023-10-10,22480.250000000007
2023-10-11,22553.980000000007
2023-10-12,22564.200000000004
2023-10-13,22455.430000000008
2023-10-16,22489.950000000008
2023-10-17,22326.47000000001
2023-10-18,22179.950000000008
2023-10-19,22184.750000000007
2023-10-20,22068.90000000001
2023-10-23,22095.40000000001
2023-10-24,22107.500000000007
2023-10-25,22208.90000000001
2023-10-26,22081.100000000006
2023-10-27,22100.300000000007
2023-10-30,22175.300000000007
2023-10-31,22183.30000000001
2023-11-01,22262.90000000001
2023-11-02,22285.40000000001
2023-11-03,22330.200000000008
2023-11-06,22367.500000000007
2023-11-07,22397.600000000006
2023-11-08,22443.56000000001
2023-11-09,22361.52000000001
2023-11-10,22620.44000000001
2023-11-13,22581.34000000001
2023-11-14,22737.56000000001
2023-11-15,22687.92000000001
2023-11-16,22824.820000000007
2023-11-17,22748.66000000001
2023-11-20,22933.94000000001
2023-11-21,22842.76000000001
2023-11-22,22817.22000000001
2023-11-24,22723.10000000001
2023-11-27,22763.860000000008
2023-11-28,22786.34000000001
2023-11-29,22751.700000000008
2023-11-30,22666.84000000001
2023-12-01,22646.06000000001
2023-12-04,22471.58000000001
2023-12-05,22651.40000000001
2023-12-06,22519.500000000007
2023-12-07,22653.10000000001
2023-12-08,22775.520000000008
2023-12-11,22639.08000000001
2023-12-12,22769.520000000008
2023-12-13,22858.020000000008
2023-12-14,22794.52000000001
2023-12-15,22870.60000000001
2023-12-18,22942.860000000008
2023-12-19,22934.26000000001
2023-12-20,22765.58000000001
2023-12-21,22853.680000000008
2023-12-22,22833.44000000001
2023-12-26,22855.84000000001
2023-12-27,22861.540000000008
2023-12-28,22888.38000000001
2023-12-29,22877.08000000001
2024-01-02,22633.860000000008
2024-01-03,22589.16000000001
2024-01-04,22592.66000000001
2024-01-05,22667.76000000001
2024-01-08,22957.66000000001
2024-01-09,23030.96000000001
2024-01-10,23185.46000000001
2024-01-11,23236.96000000001
2024-01-12,23267.66000000001
2024-01-16,23402.56000000001
2024-01-17,23371.46000000001
2024-01-18,23489.66000000001
2024-01-19,23704.26000000001
2024-01-22,23693.860000000008
2024-01-23,23733.16000000001
2024-01-24,23874.06000000001
2024-01-25,23915.360000000008
2024-01-26,23864.66000000001
2024-01-29,24022.66000000001
2024-01-30,24033.06000000001
2024-01-31,23836.16000000001
2024-02-01,24003.16000000001
2024-02-02,24296.66000000001
2024-02-05,24462.860000000008
2024-02-06,24383.56000000001
2024-02-07,24600.76000000001
2024-02-08,24569.16000000001
2024-02-09,24807.860000000008
2024-02-12,24763.360000000008
2024-02-13,24665.56000000001
2024-02-14,24821.16000000001
2024-02-15,24705.06000000001
2024-02-16,24676.56000000001
2024-02-20,24442.66000000001
2024-02-21,24297.96000000001
2024-02-22,25167.56000000001
2024-02-23,25174.06000000001
2024-02-26,25164.96000000001
2024-02-27,25137.06000000001
2024-02-28,25066.66000000001
2024-02-29,25227.360000000008
2024-03-01,25467.860000000008
2024-03-04,25669.26000000001
2024-03-05,25596.96000000001
2024-03-06,25783.16000000001
2024-03-07,26131.56000000001
2024-03-08,25742.560000000012
2024-03-11,25602.360000000008
2024-03-12,26139.76000000001
2024-03-13,26066.56000000001
2024-03-14,25961.26000000001
2024-03-15,25866.26000000001
2024-03-18,25918.66000000001
2024-03-19,26025.360000000008
2024-03-20,26131.46000000001
2024-03-21,26247.76000000001
2024-03-22,26440.96000000001
2024-03-25,26431.860000000008
2024-03-26,26248.96000000001
2024-03-27,26085.06000000001
2024-03-28,26085.66000000001
2024-04-01,26124.16000000001
2024-04-02,26029.16000000001
2024-04-03,25984.96000000001
2024-04-04,25745.76000000001
2024-04-05,25969.16000000001
2024-04-08,25898.26000000001
2024-04-09,25714.96000000001
2024-04-10,25684.76000000001
2024-04-11,25731.46000000001
2024-04-12,25671.16000000001
2024-04-15,25588.560000000012
2024-04-16,25597.96000000001
2024-04-17,25586.16000000001
2024-04-18,25586.16000000001
2024-04-19,25586.16000000001
2024-04-22,25586.16000000001
2024-04-23,25586.16000000001
2024-04-24,25586.16000000001
2024-04-25,25586.16000000001
2024-04-26,25586.16000000001
2024-04-29,25586.16000000001
2024-04-30,25586.16000000001
2024-05-01,25586.16000000001
2024-05-02,25586.16000000001
2024-05-03,25520.16000000001
2024-05-06,25544.30000000001
2024-05-07,25491.320000000014
2024-05-08,25492.240000000013
2024-05-09,25459.12000000001
2024-05-10,25476.18000000001
2024-05-13,25562.62000000001
2024-05-14,25625.940000000013
2024-05-15,25846.61000000001
2024-05-16,25818.86000000001
2024-05-17,25733.48000000001
2024-05-20,25899.65000000001
2024-05-21,25984.77000000001
2024-05-22,25950.61000000001
2024-05-23,26210.23000000001
2024-05-24,26412.810000000012
2024-05-28,26726.51000000001
2024-05-29,26761.220000000012
2024-05-30,26468.86000000001
2024-05-31,26455.66000000001
2024-06-03,26702.310000000012
2024-06-04,26792.140000000014
2024-06-05,27146.00000000001
2024-06-06,27062.310000000012
2024-06-07,27099.86000000001
2024-06-10,27098.44000000001
2024-06-11,27385.37000000001
2024-06-12,27759.37000000001
2024-06-13,27972.670000000013
2024-06-14,28041.920000000013
2024-06-17,28139.920000000013
2024-06-18,28267.25000000001
2024-06-20,27967.69000000001
2024-06-21,27783.790000000008
2024-06-24,27422.48000000001
2024-06-25,27805.76000000001
2024-06-26,27913.27000000001
2024-06-27,27835.26000000001
2024-06-28,27693.66000000001
2024-07-01,27936.20000000001
2024-07-02,27961.09000000001
2024-07-03,28235.720000000012
2024-07-05,28289.73000000001
2024-07-08,28406.990000000013
2024-07-09,28497.45000000001
2024-07-10,28792.100000000013
2024-07-11,28264.530000000013
2024-07-12,28390.860000000015
2024-07-15,28438.15000000001
2024-07-16,28319.23000000001
2024-07-17,27770.26000000001
2024-07-18,27676.26000000001
2024-07-19,27678.86000000001
2024-07-22,27671.86000000001
2024-07-23,27692.86000000001
2024-07-24,27563.46000000001
2024-07-25,27542.46000000001
2024-07-26,27551.86000000001
2024-07-29,27557.46000000001
2024-07-30,27568.66000000001
2024-07-31,27634.26000000001
2024-08-01,27559.86000000001
2024-08-02,27589.86000000001
2024-08-05,27173.86000000001
2024-08-06,27173.86000000001
2024-08-07,27173.86000000001
2024-08-08,27173.86000000001
2024-08-09,27173.86000000001
2024-08-12,27173.86000000001
2024-08-13,27173.86000000001
2024-08-14,27173.86000000001
2024-08-15,27173.86000000001
2024-08-16,27173.86000000001
2024-08-19,27173.86000000001
2024-08-20,27173.86000000001
2024-08-21,27160.26000000001
2024-08-22,27128.47000000001
2024-08-23,27167.74000000001
2024-08-26,27173.52000000001
2024-08-27,27187.97000000001
2024-08-28,27161.790000000008
2024-08-29,27217.89000000001
2024-08-30,27204.46000000001
2024-09-03,27098.55000000001
2024-09-04,27065.91000000001
2024-09-05,27091.92000000001
2024-09-06,27065.40000000001
2024-09-09,27066.93000000001
2024-09-10,27053.33000000001
2024-09-11,27096.68000000001
2024-09-12,27098.55000000001
2024-09-13,27122.670000000013
2024-09-16,27027.25000000001
2024-09-17,27061.540000000008
2024-09-18,27022.48000000001
2024-09-19,27093.40000000001
2024-09-20,26981.87000000001
2024-09-23,26936.62000000001
2024-09-24,26912.860000000008
2024-09-25,26922.320000000007
2024-09-26,26934.67000000001
2024-09-27,26909.65000000001
2024-09-30,27018.74000000001
2024-10-01,26816.820000000007
2024-10-02,26794.47000000001
2024-10-03,26770.290000000008
2024-10-04,26785.180000000008
2024-10-07,26640.250000000007
2024-10-08,26916.410000000007
2024-10-09,26997.81000000001
2024-10-10,27041.690000000006
2024-10-11,27020.37000000001
2024-10-14,27210.87000000001
2024-10-15,27050.050000000007
2024-10-16,27119.000000000007
2024-10-17,27168.200000000008
2024-10-18,27262.780000000006
2024-10-21,27470.530000000006
2024-10-22,27534.840000000007
2024-10-23,27297.020000000008
2024-10-24,27321.31000000001
2024-10-25,27401.40000000001
2024-10-28,27389.570000000007
2024-10-29,27465.030000000006
2024-10-30,27350.350000000006
2024-10-31,26855.630000000005
2024-11-01,26853.490000000005
2024-11-04,26873.640000000003
2024-11-05,26993.300000000003
2024-11-06,27170.000000000004
2024-11-07,27271.370000000003
2024-11-08,27232.620000000003
2024-11-11,27159.15
2024-11-12,27253.08
2024-11-13,27190.460000000003
2024-11-14,27205.65
2024-11-15,27057.470000000005
2024-11-18,27000.740000000005
2024-11-19,27213.4
2024-11-20,27178.680000000004
2024-11-21,27202.860000000004
2024-11-22,27056.540000000005
2024-11-25,26872.710000000003
2024-11-26,26912.510000000002
2024-11-27,26760.260000000006
2024-11-29,26801.060000000005
2024-12-02,26854.060000000005
2024-12-03,26908.060000000005
2024-12-04,26970.160000000007
2024-12-05,27017.47000000001
2024-12-06,27022.620000000006
2024-12-09,27111.140000000007
2024-12-10,27104.270000000004
2024-12-11,27133.450000000004
2024-12-12,27163.570000000007
2024-12-13,27145.850000000006
2024-12-16,27234.200000000004
2024-12-17,27301.510000000006
2024-12-18,27055.570000000007
2024-12-19,27081.910000000007
2024-12-20,27157.940000000006
2024-12-23,27159.050000000007
2024-12-24,27245.580000000005
2024-12-26,27248.540000000008
2024-12-27,27122.010000000006
2024-12-30,27013.080000000005
2024-12-31,26950.870000000006
2025-01-02,26839.180000000008
2025-01-03,26830.850000000006
2025-01-06,26880.600000000006
2025-01-07,26574.010000000002
2025-01-08,26573.200000000004
2025-01-10,26459.800000000003
2025-01-13,26387.440000000002
2025-01-14,26347.750000000004
2025-01-15,26468.710000000003
2025-01-16,26396.620000000003
2025-01-17,26508.4
2025-01-21,26592.640000000003
2025-01-22,26780.560000000005
2025-01-23,26788.690000000002
2025-01-24,26643.290000000005
2025-01-27,26085.340000000004
2025-01-28,26186.460000000003
2025-01-29,26147.500000000004
2025-01-30,25928.780000000006
2025-01-31,25929.340000000004
2025-02-03,25894.380000000005
2025-02-04,25894.380000000005
2025-02-05,25894.380000000005
2025-02-06,25894.380000000005
2025-02-07,25894.380000000005
2025-02-10,25894.380000000005
2025-02-11,25894.380000000005
2025-02-12,25894.380000000005
2025-02-13,25894.380000000005
2025-02-14,25894.380000000005
2025-02-18,25894.380000000005
2025-02-19,25894.380000000005
2025-02-20,25894.380000000005
2025-02-21,25894.380000000005
2025-02-24,25894.380000000005
2025-02-25,25894.380000000005
2025-02-26,25894.380000000005
2025-02-27,25894.380000000005
2025-02-28,25894.380000000005
2025-03-03,25894.380000000005
2025-03-04,25894.380000000005
2025-03-05,25894.380000000005
2025-03-06,25894.380000000005
2025-03-07,25894.380000000005
2025-03-10,25894.380000000005
2025-03-11,25894.380000000005
2025-03-12,25894.380000000005
2025-03-13,25894.380000000005
2025-03-14,25894.380000000005
2025-03-17,25894.380000000005
2025-03-18,25894.380000000005
2025-03-19,25894.380000000005
2025-03-20,25894.380000000005
2025-03-21,25894.380000000005
2025-03-24,25894.380000000005
2025-03-25,25894.380000000005
2025-03-26,25894.380000000005
2025-03-27,25894.380000000005
2025-03-28,25894.380000000005
2025-03-31,25894.380000000005
2025-04-01,25894.380000000005
2025-04-02,25894.380000000005
2025-04-03,25894.380000000005
2025-04-04,25894.380000000005
2025-04-07,25894.380000000005
2025-04-08,25894.380000000005
2025-04-09,25894.380000000005
2025-04-10,25894.380000000005
2025-04-11,25894.380000000005
2025-04-14,25894.380000000005
2025-04-15,25894.380000000005
2025-04-16,25894.380000000005
2025-04-17,25894.380000000005
2025-04-21,25894.380000000005
2025-04-22,25894.380000000005
2025-04-23,25894.380000000005
2025-04-24,25894.380000000005
2025-04-25,25894.380000000005
2025-04-28,25894.380000000005
2025-04-29,25888.620000000006
2025-04-30,25899.600000000006
2025-05-01,26170.860000000004
2025-05-02,26238.700000000008
2025-05-05,26223.590000000007
2025-05-06,26188.33000000001
2025-05-07,26308.37000000001
2025-05-08,26362.290000000008
2025-05-09,26342.850000000006
2025-05-12,26653.520000000008
2025-05-13,26888.060000000005
2025-05-14,27106.200000000008
2025-05-15,27090.570000000007
2025-05-16,27120.210000000006
2025-05-19,27167.390000000007
2025-05-20,27120.63000000001
2025-05-21,26982.51000000001
2025-05-22,27038.140000000007
2025-05-23,26943.660000000007
2025-05-27,27181.390000000007
2025-05-28,27127.960000000006
2025-05-29,27288.76000000001
2025-05-30,27165.840000000007
2025-06-02,27256.83000000001
2025-06-03,27396.390000000007
2025-06-04,27428.290000000008
2025-06-05,27396.960000000006
2025-06-06,27480.08000000001
2025-06-09,27532.350000000006
2025-06-10,27561.100000000006
2025-06-11,27537.980000000007
2025-06-12,27668.01000000001
2025-06-13,27529.800000000007
2025-06-16,27659.90000000001
2025-06-17,27630.62000000001
2025-06-18,27696.660000000007
2025-06-20,27615.680000000008
2025-06-23,27703.960000000006
2025-06-24,27867.770000000008
2025-06-25,28105.15000000001
2025-06-26,28175.910000000007
2025-06-27,28255.140000000007
2025-06-30,28254.530000000006
2025-07-01,28099.83000000001
2025-07-02,28317.890000000007
2025-07-03,28480.900000000005
2025-07-07,28361.420000000006
2025-07-08,28412.560000000005
2025-07-09,28595.090000000004
2025-07-10,28643.700000000004
2025-07-11,28663.140000000007
2025-07-14,28580.740000000005
2025-07-15,28841.160000000007
2025-07-16,28883.140000000007
2025-07-17,28990.480000000007
2025-07-18,28978.770000000004
2025-07-21,28969.840000000004
2025-07-22,28817.230000000007
2025-07-23,28945.130000000005
2025-07-24,29083.060000000005
2025-07-25,29102.770000000004
2025-07-28,29205.780000000006
2025-07-29,29108.65000000001
2025-07-30,29198.120000000006
2025-07-31,29295.660000000003
2025-08-01,29070.050000000003
2025-08-04,29387.340000000004
2025-08-05,29257.170000000006
2025-08-06,29271.320000000007
2025-08-07,29302.520000000008
2025-08-08,29565.340000000004
2025-08-11,29497.750000000007
2025-08-12,29651.780000000006
2025-08-13,29594.060000000005
2025-08-14,29614.780000000006
2025-08-15,29516.810000000005
2025-08-18,29528.22000000001
2025-08-19,29239.070000000007
2025-08-20,29103.460000000006
2025-08-21,29048.440000000006
2025-08-22,29207.980000000007
2025-08-25,29257.860000000008
2025-08-26,29367.500000000007
2025-08-27,29385.320000000007
2025-08-28,29378.100000000006
2025-08-29,29166.040000000005
2025-09-02,28933.700000000004
2025-09-03,29108.700000000004
2025-09-04,29134.90000000001
2025-09-05,29133.100000000006
2025-09-08,29096.90000000001
2025-09-09,29026.300000000007
2025-09-10,28875.100000000006
2025-09-11,28939.90000000001
2025-09-12,29020.700000000004
2025-09-15,29073.300000000007
2025-09-16,29102.300000000007
2025-09-17,29119.100000000006
2025-09-18,29096.90000000001
2025-09-19,29254.660000000007
2025-09-22,29438.42000000001
2025-09-23,29363.380000000012
